geoName,Dropshipping Business
Australia,43
Austria,10
Bangladesh,32
Belgium,10
Brazil,2
Canada,33
Denmark,8
Egypt,9
Ethiopia,60
Finland,4
France,8
Germany,7
Ghana,45
Greece,9
India,22
Indonesia,3
Ireland,26
Italy,6
Jamaica,58
Kenya,47
Malaysia,19
Mexico,2
Morocco,35
Nepal,44
Netherlands,13
New Zealand,36
Nigeria,100
Norway,15
Pakistan,50
Philippines,85
Poland,2
Portugal,9
Qatar,50
Romania,10
Russia,1
Saudi Arabia,11
Singapore,44
South Africa,56
South Korea,4
Spain,3
Sri Lanka,52
Sweden,9
Switzerland,12
Thailand,5
TÃ¼rkiye,2
United Arab Emirates,41
United Kingdom,32
United States,35
Vietnam,6
